feature,importance_mean,importance_std
Age,0.29523578123335825,0.020225820452063233
BMI_calc,0.039189809883906745,0.005661348528173654
Weight,0.03294746511875604,0.00868796780726
Gender,0.02034794706571523,0.003393284828003587
Protein,0.004692991798913665,0.005711839383317037
Vitamin_D,0.0009003221855362481,0.001117357527041317
Height,0.00013479870060716104,0.0006972880720762998
Iron,0.0,0.0
Calcium,0.0,0.0
Vitamin_B12,0.0,0.0
Omega_3,0.0,0.0
Zinc,0.0,0.0
Magnesium,0.0,0.0
Physical_Activity,0.0,0.0
Diet_Quality,0.0,0.0
BMI_Category,-0.004350170412184384,0.003303243894311812
